orange,1
orange,2
orange,3
orange,4
orange,5
orange,6
orange,7
orange,8
orange,9
orange,10
orange,11
orange,12
orange,13
orange,14
orange,15
orange,16
orange,17
orange,18
orange,19
orange,20
orange,21
orange,22
orange,23
orange,24
orange,25
orange,26
orange,27
orange,28
orange,29
orange,30
orange,31
orange,32
orange,33
orange,34
orange,35
orange,36
orange,37
orange,38
orange,39
orange,40
orange,41
orange,42
orange,43
orange,44
orange,45
orange,46
orange,47
orange,48
orange,49
orange,50
orange,51
orange,52
orange,53
orange,54
orange,55
orange,56
orange,57
orange,58
orange,59
orange,60
orange,61
orange,62
orange,63
orange,64
orange,65
orange,66
orange,67
orange,68
orange,69
orange,70
orange,71
orange,72
orange,73
orange,74
orange,75
orange,76
orange,77
orange,78
orange,79
orange,80
orange,81
orange,82
orange,83
orange,84
orange,85
orange,86
orange,87
orange,88
orange,89
orange,90
orange,91
orange,92
orange,93
orange,94
orange,95
orange,96
orange,97
orange,98
orange,99
orange,100
orange,101
orange,102
orange,103
orange,104
orange,105
orange,106
orange,107
orange,108
orange,109
orange,110
orange,111
orange,112
orange,113
orange,114
orange,115
orange,116
orange,117
orange,118
orange,119
orange,120
orange,121
orange,122
orange,123
orange,124
orange,125
orange,126
orange,127
orange,128
orange,129
orange,130
orange,131
orange,132
orange,133
orange,134
orange,135
orange,136
orange,137
orange,138
orange,139
orange,140
orange,141
orange,142
orange,143
orange,144
orange,145
orange,146
orange,147
orange,148
orange,149
orange,150
orange,151
orange,152
orange,153
orange,154
orange,155
orange,156
orange,157
orange,158
orange,159
orange,160
orange,161
orange,162
orange,163
orange,164
orange,165
orange,166
orange,167
orange,168
orange,169
orange,170
orange,171
orange,172
orange,173
orange,174
orange,175
orange,176
orange,177
orange,178
orange,179
orange,180
orange,181
orange,182
orange,183
orange,184
orange,185
orange,186
orange,187
orange,188
orange,189
orange,190
orange,191
orange,192
orange,193
orange,194
orange,195
orange,196
orange,197
orange,198
orange,199
orange,200
rouge,1
rouge,2
rouge,3
rouge,4
rouge,5
rouge,6
rouge,7
rouge,8
rouge,9
rouge,10
rouge,11
rouge,12
rouge,13
rouge,14
rouge,15
rouge,16
rouge,17
rouge,18
rouge,19
rouge,20
rouge,21
rouge,22
rouge,23
rouge,24
rouge,25
rouge,26
rouge,27
rouge,28
rouge,29
rouge,30
rouge,31
rouge,32
rouge,33
rouge,34
rouge,35
rouge,36
rouge,37
rouge,38
rouge,39
rouge,40
rouge,41
rouge,42
rouge,43
rouge,44
rouge,45
rouge,46
rouge,47
rouge,48
rouge,49
rouge,50
rouge,51
rouge,52
rouge,53
rouge,54
rouge,55
rouge,56
rouge,57
rouge,58
rouge,59
rouge,60
rouge,61
rouge,62
rouge,63
rouge,64
rouge,65
rouge,66
rouge,67
rouge,68
rouge,69
rouge,70
rouge,71
rouge,72
rouge,73
rouge,74
rouge,75
rouge,76
rouge,77
rouge,78
rouge,79
rouge,80
rouge,81
rouge,82
rouge,83
rouge,84
rouge,85
rouge,86
rouge,87
rouge,88
rouge,89
rouge,90
rouge,91
rouge,92
rouge,93
rouge,94
rouge,95
rouge,96
rouge,97
rouge,98
rouge,99
rouge,100
bleu,1
bleu,2
bleu,3
bleu,4
bleu,5
bleu,6
bleu,7
bleu,8
bleu,9
bleu,10
bleu,11
bleu,12
bleu,13
bleu,14
bleu,15
bleu,16
bleu,17
bleu,18
bleu,19
bleu,20
bleu,21
bleu,22
bleu,23
bleu,24
bleu,25
bleu,26
bleu,27
bleu,28
bleu,29
bleu,30
bleu,31
bleu,32
bleu,33
bleu,34
bleu,35
bleu,36
bleu,37
bleu,38
bleu,39
bleu,40
bleu,41
bleu,42
bleu,43
bleu,44
bleu,45
bleu,46
bleu,47
bleu,48
bleu,49
bleu,50
bleu,51
bleu,52
bleu,53
bleu,54
bleu,55
bleu,56
bleu,57
bleu,58
bleu,59
bleu,60
bleu,61
bleu,62
bleu,63
bleu,64
bleu,65
bleu,66
bleu,67
bleu,68
bleu,69
bleu,70
bleu,71
bleu,72
bleu,73
bleu,74
bleu,75
bleu,76
bleu,77
bleu,78
bleu,79
bleu,80
bleu,81
bleu,82
bleu,83
bleu,84
bleu,85
bleu,86
bleu,87
bleu,88
bleu,89
bleu,90
bleu,91
bleu,92
bleu,93
bleu,94
bleu,95
bleu,96
bleu,97
bleu,98
bleu,99
bleu,100
marron,1
marron,2
marron,3
marron,4
marron,5
marron,6
marron,7
marron,8
marron,9
marron,10
marron,11
marron,12
marron,13
marron,14
marron,15
marron,16
marron,17
marron,18
marron,19
marron,20
marron,21
marron,22
marron,23
marron,24
marron,25
marron,26
marron,27
marron,28
marron,29
marron,30
marron,31
marron,32
marron,33
marron,34
marron,35
marron,36
marron,37
marron,38
marron,39
marron,40
marron,41
marron,42
marron,43
marron,44
marron,45
marron,46
marron,47
marron,48
marron,49
marron,50
marron,51
marron,52
marron,53
marron,54
marron,55
marron,56
marron,57
marron,58
marron,59
marron,60
marron,61
marron,62
marron,63
marron,64
marron,65
marron,66
marron,67
marron,68
marron,69
marron,70
marron,71
marron,72
marron,73
marron,74
marron,75
marron,76
marron,77
marron,78
marron,79
marron,80
marron,81
marron,82
marron,83
marron,84
marron,85
marron,86
marron,87
marron,88
marron,89
marron,90
marron,91
marron,92
marron,93
marron,94
marron,95
marron,96
marron,97
marron,98
marron,99
marron,100
marron,101
marron,102
marron,103
marron,104
marron,105
marron,106
marron,107
marron,108
marron,109
marron,110
marron,111
marron,112
marron,113
marron,114
marron,115
marron,116
marron,117
marron,118
marron,119
marron,120
marron,121
marron,122
marron,123
marron,124
marron,125
marron,126
marron,127
marron,128
marron,129
marron,130
marron,131
marron,132
marron,133
marron,134
marron,135
marron,136
marron,137
marron,138
marron,139
marron,140
marron,141
marron,142
marron,143
marron,144
marron,145
marron,146
marron,147
marron,148
marron,149
marron,150
marron,151
marron,152
marron,153
marron,154
marron,155
marron,156
marron,157
marron,158
marron,159
marron,160
marron,161
marron,162
marron,163
marron,164
marron,165
marron,166
marron,167
marron,168
marron,169
marron,170
marron,171
marron,172
marron,173
marron,174
marron,175
marron,176
marron,177
marron,178
marron,179
marron,180
marron,181
marron,182
marron,183
marron,184
marron,185
marron,186
marron,187
marron,188
marron,189
marron,190
marron,191
marron,192
marron,193
marron,194
marron,195
marron,196
marron,197
marron,198
marron,199
marron,200
bleuClair,901
bleuClair,902
bleuClair,903
bleuClair,904
bleuClair,905
bleuClair,906
bleuClair,907
bleuClair,908
bleuClair,909
bleuClair,910
bleuClair,911
bleuClair,912
bleuClair,913
bleuClair,914
bleuClair,915
bleuClair,916
bleuClair,917
bleuClair,918
bleuClair,919
bleuClair,920
bleuClair,921
bleuClair,922
bleuClair,923
bleuClair,924
bleuClair,925
bleuClair,926
bleuClair,927
bleuClair,928
bleuClair,929
bleuClair,930
bleuClair,931
bleuClair,932
bleuClair,933
bleuClair,934
bleuClair,935
bleuClair,936
bleuClair,937
bleuClair,938
bleuClair,939
bleuClair,940
bleuClair,941
bleuClair,942
bleuClair,943
bleuClair,944
bleuClair,945
bleuClair,946
bleuClair,947
bleuClair,948
bleuClair,949
bleuClair,950
jaune,1
jaune,2
jaune,3
jaune,4
jaune,5
jaune,6
jaune,7
jaune,8
jaune,9
jaune,10
jaune,11
jaune,12
jaune,13
jaune,14
jaune,15
jaune,16
jaune,17
jaune,18
jaune,19
jaune,20
jaune,21
jaune,22
jaune,23
jaune,24
jaune,25
jaune,26
jaune,27
jaune,28
jaune,29
jaune,30
jaune,31
jaune,32
jaune,33
jaune,34
jaune,35
jaune,36
jaune,37
jaune,38
jaune,39
jaune,40
jaune,41
jaune,42
jaune,43
jaune,44
jaune,45
jaune,46
jaune,47
jaune,48
jaune,49
jaune,50
jaune,51
jaune,52
jaune,53
jaune,54
jaune,55
jaune,56
jaune,57
jaune,58
jaune,59
jaune,60
jaune,61
jaune,62
jaune,63
jaune,64
jaune,65
jaune,66
jaune,67
jaune,68
jaune,69
jaune,70
jaune,71
jaune,72
jaune,73
jaune,74
jaune,75
jaune,76
jaune,77
jaune,78
jaune,79
jaune,80
jaune,81
jaune,82
jaune,83
jaune,84
jaune,85
jaune,86
jaune,87
jaune,88
jaune,89
jaune,90
jaune,91
jaune,92
jaune,93
jaune,94
jaune,95
jaune,96
jaune,97
jaune,98
jaune,99
jaune,100
violet,1
violet,2
violet,3
violet,4
violet,5
violet,6
violet,7
violet,8
violet,9
violet,10
violet,11
violet,12
violet,13
violet,14
violet,15
violet,16
violet,17
violet,18
violet,19
violet,20
violet,21
violet,22
violet,23
violet,24
violet,25
violet,26
violet,27
violet,28
violet,29
violet,30
violet,31
violet,32
violet,33
violet,34
violet,35
violet,36
violet,37
violet,38
violet,39
violet,40
violet,41
violet,42
violet,43
violet,44
violet,45
violet,46
violet,47
violet,48
violet,49
violet,50
violet,51
violet,52
violet,53
violet,54
violet,55
violet,56
violet,57
violet,58
violet,59
violet,60
violet,61
violet,62
violet,63
violet,64
violet,65
violet,66
violet,67
violet,68
violet,69
violet,70
violet,71
violet,72
violet,73
violet,74
violet,75
violet,76
violet,77
violet,78
violet,79
violet,80
violet,81
violet,82
violet,83
violet,84
violet,85
violet,86
violet,87
violet,88
violet,89
violet,90
violet,91
violet,92
violet,93
violet,94
violet,95
violet,96
violet,97
violet,98
violet,99
violet,100
violet,101
violet,102
violet,103
violet,104
violet,105
violet,106
violet,107
violet,108
violet,109
violet,110
violet,111
violet,112
violet,113
violet,114
violet,115
violet,116
violet,117
violet,118
violet,119
violet,120
violet,121
violet,122
violet,123
violet,124
violet,125
violet,126
violet,127
violet,128
violet,129
violet,130
violet,131
violet,132
violet,133
violet,134
violet,135
violet,136
violet,137
violet,138
violet,139
violet,140
violet,141
violet,142
violet,143
violet,144
violet,145
violet,146
violet,147
violet,148
violet,149
violet,150
violet,151
violet,152
violet,153
violet,154
violet,155
violet,156
violet,157
violet,158
violet,159
violet,160
violet,161
violet,162
violet,163
violet,164
violet,165
violet,166
violet,167
violet,168
violet,169
violet,170
violet,171
violet,172
violet,173
violet,174
violet,175
violet,176
violet,177
violet,178
violet,179
violet,180
violet,181
violet,182
violet,183
violet,184
violet,185
violet,186
violet,187
violet,188
violet,189
violet,190
violet,191
violet,192
violet,193
violet,194
violet,195
violet,196
violet,197
violet,198
violet,199
violet,200
vert,1
vert,2
vert,3
vert,4
vert,5
vert,6
vert,7
vert,8
vert,9
vert,10
vert,11
vert,12
vert,13
vert,14
vert,15
vert,16
vert,17
vert,18
vert,19
vert,20
vert,21
vert,22
vert,23
vert,24
vert,25
vert,26
vert,27
vert,28
vert,29
vert,30
vert,31
vert,32
vert,33
vert,34
vert,35
vert,36
vert,37
vert,38
vert,39
vert,40
vert,41
vert,42
vert,43
vert,44
vert,45
vert,46
vert,47
vert,48
vert,49
vert,50
vert,51
vert,52
vert,53
vert,54
vert,55
vert,56
vert,57
vert,58
vert,59
vert,60
vert,61
vert,62
vert,63
vert,64
vert,65
vert,66
vert,67
vert,68
vert,69
vert,70
vert,71
vert,72
vert,73
vert,74
vert,75
vert,76
vert,77
vert,78
vert,79
vert,80
vert,81
vert,82
vert,83
vert,84
vert,85
vert,86
vert,87
vert,88
vert,89
vert,90
vert,91
vert,92
vert,93
vert,94
vert,95
vert,96
vert,97
vert,98
vert,99
vert,100
